Start,Stop
188,658
318,1673
724,774
826,960
1450,2313
2985,3446
3121,4464
3566,3712
4599,5867
5238,5981
6030,7970
6397,6465
6543,7337
8065,10593
8068,8121
8625,9446
9645,9773
11166,12242
11381,11920
12056,14050
12990,13886
14083,14814
14943,15065
15141,15428
15609,15668
16030,17139
16219,17325
17828,17899
18139,19323
19097,19384
21306,22100
21652,23085
22158,23189
23324,25363
24194,24934
25158,25220
25286,25351
25426,26481
25862,26665
26631,27140
27263,27583
27495,28199
28254,28895
28432,28785
28833,28904
29032,29310
29042,29110
29350,29415
29456,30472
29967,31004
30843,31934
31575,31631
31759,31809
32197,32535
32275,33114
33197,33322
33203,34444
34609,34776
34654,35619
35385,35519
35802,38018
37360,37494
37589,39931
39385,40470
40142,41329
40705,41730
41776,42729
41800,43188
43539,43598
43763,43879
44023,45216
44239,44334
44708,45223
45325,46434
46155,46682
46764,46832
46929,47006
46997,47230
47499,47591
47722,47994
48080,49306
48697,50019
49585,49878
49930,49980
50070,50129
50514,50753
50907,51518
51775,52389
52092,52472
52630,53925
52877,53260
53358,53750
53863,54255
54235,54672
54839,56812
54939,55535
56314,57030
57083,57145
57232,57945
57286,58638
58151,58948
58897,60189
59204,60388
60451,61107
60506,60799
60948,64154
61358,61411
61591,62496
62651,63286
63866,64312
64950,66146
65227,65295
66295,66525
66845,67369
67495,70656
67754,68584
68638,70614
70788,71597
71064,71363
71564,72061
71745,73211
72408,74222
73295,73375
73422,75338
74572,75228
75487,75564
75522,75665
76018,76125
76262,76984
76406,76783
77132,79402
77421,77498
77675,77737
78066,78374
78686,78811
79047,79820
79489,79716
79868,80968
80001,80069
80261,80869
81246,81755
81658,82617
81997,82053
82100,82159
82288,82362
82535,82591
82722,82823
82959,84437
83708,84103
84969,86333
85025,85627
86413,86949
87311,88150
88247,90100
88888,94767
90187,90252
90324,91541
93597,93695
94079,94966
95241,97070
95746,96123
96194,96856
96956,97690
97286,97369
98182,98412
98583,99905
98952,99011
100964,102142
102354,102464
102423,103028
103035,104243
103318,103836
104134,105099
104301,104831
105119,106585
105288,105929
106988,107377
107499,107849
108082,108285
108246,108518
108395,108610
108726,109256
109349,109720
109898,109996
110315,110413
110544,110603
110804,112471
111835,111900
111966,112283
112386,113288
112650,113987
113815,113895
116972,117805
118145,118267
118489,118956
119060,119770
119727,119885
121307,122617
121820,122092
122795,123187
123056,123112
123563,123712
123760,124062
124104,124508
124679,124801
124867,126363
125060,125122
125203,125688
125831,126475
126648,127178
127675,127725
127750,128166
127866,128324
128262,128435
128628,129203
129160,129222
129694,130230
129813,130580
130648,131604
130652,131380
132269,132373
133422,133493
133539,133640
133961,134710
135160,135297
135798,135893
136243,136344
136391,136441
136529,136702
136579,136653
136780,136992
137316,137399
137449,138897
137522,137671
138683,138745
138999,139949
139255,140007
140091,140459
140120,140173
140626,141084
141052,141336
141505,141705
141600,141662
142151,142204
142480,142539
143122,143571
143799,144920
144097,144273
144397,144840
144978,145421
145869,146306
146771,147490
146849,146908
147399,147764
147884,148291
148230,148280
148649,148759
149304,149774
149616,149714
150156,151562
150232,151173
151402,151890
151998,152645
152050,152562
152754,154286
152833,152892
153608,155947
154754,156025
156705,156842
156764,156865
158294,159724
159782,159877
160084,160146
160740,161378
162065,162121
162232,163596
162898,162984
163116,163166
163465,164298
163731,163952
164155,164619
164365,164424
164525,164698
164946,166685
165008,165508
165565,165639
165761,166642
167086,167943
167138,167737
168011,169270
169510,172008
170136,170234
170610,170666
171735,171890
172176,172592
172245,172298
172450,172509
172608,172703
172671,172721
173405,174469
174654,175148
174834,175694
175766,177760
177265,177375
177756,178322
177924,179138
178598,178705
178877,181447
179720,180052
180139,180900
181007,181081
181187,181255
181509,181610
182176,182343
182435,182578
182603,185569
183607,183684
183737,183787
184397,184507
184570,184638
186044,186133
187039,187863
187264,188949
187957,189528
189234,191006
189625,190398
190696,191916
191609,194299
192586,193473
193593,193850
193989,194870
194949,195629
195032,195844
195793,196611
196155,196205
196786,197463
196879,197010
197512,198204
198738,199544
199083,199409
199590,199958
200054,200317
200094,200402
200391,201203
200522,200830
200971,201096
201217,202590
201572,203641
202641,203597
203753,204139
204196,204477
204539,205810
205819,207408
206264,206899
206955,207932
207739,209271
208220,208567
209284,211299
209470,211389
211452,212294
211737,211940
212366,212689
212441,212542
212824,213285
214158,214571
214947,215072
215138,217225
215721,216344
216434,217018
217125,217685
217334,218521
217800,221339
218677,220743
221023,221370
221472,221645
221690,222970
221817,222959
223139,223261
223226,224032
223490,223876
224027,224455
224400,224477
224664,226508
224684,224794
224962,225069
225166,225222
225330,225473
225669,226217
226295,227107
226854,228929
229720,229824
230374,230724
230840,231766
232662,233477
233560,233865
234108,235007
234916,234978
235083,235409
235524,237020
235555,236253
237314,238114
238119,238229
238424,238783
238536,238595
238663,238755
239473,240096
240178,240267
240421,241254
241342,241620
241435,241686
241882,241986
242414,242524
242488,242586
242660,243094
243171,243254
243303,243566
243646,244014
244140,244250
244390,244929
244557,244616
244684,244776
245177,245575
245383,245433
246182,246541
246199,246288
246699,246797
246845,247066
247318,247758
247456,247707
248353,248403
248555,249013
249112,249165
249541,250563
249771,249848
250147,250365
250469,250582
250661,253054
250989,251378
251488,252432
253064,254158
253096,253146
253200,254573
254707,255780
255359,255421
255999,256838
256491,256964
257109,258458
257180,257680
258024,258086
258274,258480
258739,258822
259175,259309
259427,259864
259477,260892
261349,261426
261565,261618
261586,261945
261768,262061
262067,262489
262308,262367
262421,262576
262657,263262
262887,262937
263366,263515
264268,264348
264432,264902
264606,264656
265029,265454
265199,266227
265768,265854
266303,266374
266431,266931
267010,267372
267161,267271
267530,267916
267578,267637
267705,267797
268131,268199
268342,268410
268374,268949
268991,269116
269471,269560
269634,269729
270648,270977
270728,270979
271051,271158
271257,271349
271480,272502
271778,271900
272018,272905
273003,276557
273378,274487
275876,278863
276728,280333
279028,279339
279398,280186
280410,280955
280907,282286
282063,282128
282365,283453
282755,284227
284365,286011
285907,285957
286219,287718
286726,291318
287853,288992
289139,289555
290186,290521
290593,291228
291312,293198
291444,292355
292404,292676
292773,293771
294119,294298
294386,294931
294739,294891
295630,295731
296010,297365
297842,297910
297865,298065
298181,298273
298383,299219
299302,299394
299604,300578
299903,300556
301336,301503
301738,301788
302027,303697
303793,303942
303824,303901
304133,304684
304469,304549
304819,304869
305685,305768
307197,307253
308160,308216
309679,310599
309865,310719
310765,311622
310932,311645
311830,313662
312104,312172
312564,313226
313699,314244
314410,315321
314984,315823
315641,315709
315796,316713
315945,316775
316873,318375
318168,319115
318419,318487
319009,319158
319235,319528
319651,319896
320118,321404
320542,321279
321490,322128
322023,322196
322303,322389
322462,323328
323440,324015
323557,323700
324249,324323
324518,325114
326149,326214
326343,327290
326618,326698
327511,327561
327618,327905
328028,329071
328759,328836
329208,329837
329556,329966
329955,331094
330383,330637
330902,330964
331985,332131
332103,332324
332222,332287
332446,332688
332559,333047
332989,333132
333119,333337
333425,333937
333922,333984
334182,335195
334259,334336
334396,334473
335436,336014
335620,336426
336541,337161
336985,338406
337339,337389
337669,337746
338614,339087
338956,339192
339270,340055
339374,340666
340278,340952
340829,341824
341065,341754
341967,342554
342026,342280
342532,342897
343101,343172
343288,344121
343873,343929
344325,344981
344529,344603
345109,345165
345462,346106
345847,345957
346264,347166
346377,347036
348583,349065
349326,350228
350003,350692
350392,351264
350932,351564
351459,355505
351759,353078
353922,354485
354716,357229
355643,356323
356567,356872
357290,357367
357314,357388
357915,358415
358024,358080
358183,358359
358793,359284
359648,359710
360172,360507
360464,361348
360936,366272
361424,362629
363664,364059
364884,365630
366508,367032
367248,367532
367280,367693
367667,367735
367898,369373
368728,369468
369724,370632
370032,370403
370446,370634
370726,371649
370934,371083
371243,371380
372045,372530
373295,373363
373613,374167
374172,374342
374736,374810
375107,375412
375518,375904
376430,376573
377084,379060
377270,377464
378964,379728
379794,380207
380324,380419
380782,380898
381192,381938
381242,381343
381497,381625
381847,381918
382016,383536
382147,383409
383710,384726
384036,384110
384265,384345
384465,384548
384831,384896
384926,385372
385179,385274
385461,386399
385659,386780
386468,386545
386770,387318
387641,388015
387697,388467
388169,388516
388602,390077
389420,389608
389689,389739
390156,391115
391234,392217
391354,391473
391604,393052
393230,393295
393337,395067
393489,393545
395529,396050
395602,396111
396601,397020
396964,397299
397493,397576
397508,397999
398210,399652
398323,399042
399720,400979
400480,401871
401383,401580
402187,402348
402514,402564
402641,403060
402918,404108
403279,403725
404917,404994
404918,405316
405221,405607
405567,405941
406020,408182
406259,406372
406637,408103
408261,409187
408416,408937
409346,410689
409560,409931
410536,410607
411131,412177
411992,412363
412830,412928
413354,414544
414050,414760
414590,415345
415224,416168
415566,416879
417015,418307
417243,417479
417535,417960
418395,418583
418716,419435
418891,419373
419618,420361
419675,419785
419999,420331
420461,420694
420815,420898
420953,421699
421469,424096
421986,422042
423077,424114
424220,424594
425942,429217
426241,426606
426924,426995
427827,428111
428576,428968
429586,430221
430161,432095
430521,434168
432480,432584
434479,434544
435118,435537
435713,436282
436099,436158
436327,437223
436378,436485
436656,436802
436907,437188
437279,437662
437482,438882
438863,439021
439009,439212
439294,439356
439306,439383
439444,440229
440153,440242
440725,442128
440758,441570
441746,441934
442253,442453
442647,442733
443180,443344
443823,444350
444143,444397
444590,445360
445717,446148
446483,447010
447176,447460
447471,447791
447536,448711
448867,449220
449261,449638
449699,450007
450200,451075
451490,451594
451835,452977
452524,453093
453056,453244
453155,453853
453677,453754
454004,454102
454534,456936
455320,456150
456418,456483
456749,456844
457021,458913
457125,457217
457608,458393
458916,459713
459681,465722
460476,460940
461292,461384
462393,462797
462955,463506
464839,464922
465061,465906
466065,466205
466243,466308
466517,467362
467278,468669
467936,468136
468508,468561
468617,468766
468856,468936
468961,469728
469575,470078
469777,470220
470227,470292
470526,471566
471512,471592
472411,472644
472475,472630
472781,473710
473008,473064
473936,476716
475645,475836
475971,476132
476560,476886
476960,478447
477934,478014
478718,479710
479765,481153
480231,480560
480714,481463
481250,482701
482263,482511
482971,483048
483438,483809
484805,484858
485349,485504
485981,486058
486059,486133
488654,488749
489905,491500
491623,492207
491669,491836
492294,492689
492498,492917
493242,494018
494436,494651
494852,495001
495067,495561
497936,498289
498171,500240
498828,498905
498946,500298
500306,500779
500403,501161
501312,501617
501864,501959
502088,502192
502170,502280
502480,502539
502587,502646
502714,502806
502878,504629
503140,503208
503351,503419
504480,504569
505537,506223
505737,505988
506782,506883
507049,507153
507578,507661
507883,507969
508388,509506
508407,508733
508879,508950
509019,509138
509657,509902
509676,510287
510001,510087
510367,510426
510484,510642
510846,510941
511212,511562
511400,511468
511966,512208
513230,513703
513449,513535
514035,514127
515005,515058
515483,515548
516091,516636
516265,516519
516746,518446
517528,518259
518516,518806
518597,519700
518996,519607
519730,519804
519742,519798
520007,520057
520135,521049
520426,520791
520961,521536
521326,522651
521601,521771
521863,522591
522780,524732
523719,525713
525692,525742
526462,526998
526754,527512
527750,527824
528245,528562
529231,529419
529280,530059
529735,529812
530515,531108
531044,531310
531294,532253
532292,532348
532328,532552
532697,532831
532702,533403
533402,533500
533536,534654
534307,534756
535326,535562
535636,536079
535737,536078
536187,538247
537616,538368
538446,539288
538881,539348
539574,539642
539720,539803
539774,540424
540440,540502
540643,541467
540811,541188
541294,541641
541791,543062
543183,543239
543328,544137
544257,544334
544922,544990
545208,545501
546006,546242
546445,546729
546786,547025
547520,549337
547881,548075
548728,548943
549051,549239
549435,549869
549545,549739
550212,550916
550502,550552
551023,551907
552207,552716
553078,554493
553269,553334
553506,553949
554413,554874
554624,555628
554925,555038
555142,555321
555457,555513
555945,556001
556354,556737
556866,557030
557178,557930
557884,557940
558037,558480
558909,558986
559329,560528
560586,562301
561481,561774
563154,563288
563520,564110
564257,565753
564443,565111
565887,566225
565977,567014
566635,567069
567137,567331
567386,567808
567715,567774
568430,573793
568887,569081
569987,570838
570916,571185
571798,572559
572602,572676
573737,575062
573873,574613
575114,575647
575166,576437
575816,576676
576841,577584
576862,577749
577629,577709
578271,578636
578872,578949
578886,580079
579113,579775
581284,581349
582241,582300
583232,583342
583388,583621
583851,583907
583884,583946
584345,584581
584731,588204
586329,586994
587600,589033
588659,591913
589178,589297
589406,590248
590324,591355
591696,591767
592313,592762
592560,593438
593229,594131
593528,595006
595135,595842
595173,595925
595990,596298
596378,597253
597357,597470
597745,597936
598435,598962
598525,598578
599022,599078
599971,600075
600657,600710
600844,601473
601953,602042
602667,602744
602821,602925
603118,603168
604411,604461
604556,604612
604944,605009
605340,605492
605802,605876
606297,606347
606952,607053
607130,608014
607372,608199
608424,608582
608669,609061
608812,609588
610672,611154
611240,612634
611255,611641
612066,612509
612678,613406
613208,613570
613836,615299
615643,615702
617072,617629
618463,618540
618665,618799
619959,620009
620280,620354
620538,620591
620805,623135
623251,624423
623436,623564
624359,624418
624885,626579
625045,625395
625551,625622
626429,626488
626668,628971
626688,626885
627233,627790
628101,628247
628694,628771
629088,630491
630122,631255
630629,631042
631102,632811
631337,631690
631833,633068
633357,633512
633380,633439
633709,634251
634479,635279
635321,635407
636517,636774
636712,636819
637373,637435
638165,638692
638851,638919
639449,639529
639541,639774
639985,640098
640252,641469
640300,640632
641062,641151
641208,642308
641798,641995
642158,642211
642689,642745
643631,643741
643845,643898
644352,644696
644817,645602
645556,645858
646034,647590
646548,647225
647374,649974
648289,649404
649520,649819
651355,652482
652602,653540
652604,653044
653518,653982
653743,654984
654078,654611
655106,655558
655113,656708
655666,655728
658314,659990
658572,659027
659083,659475
659572,660312
660269,661198
660398,660676
661523,661573
661759,662232
661780,662025
662319,663326
662337,662393
663533,664291
663887,664036
664242,668990
664610,665005
665237,665890
666022,667131
667204,669009
669086,669361
669308,669568
669423,669950
669779,670402
670309,672339
670706,670777
672213,673085
672794,673855
673165,674064
674204,674266
674410,674568
674728,674784
674828,675568
675566,676267
676299,679757
676802,677395
677477,677578
677702,677842
678494,679123
679460,679519
679617,679691
679895,680296
679938,684776
680360,681277
681543,683423
683519,684247
684390,685040
686014,686775
686884,686967
687273,688022
688619,689458
688672,688848
688947,689495
689725,691308
689923,690873
691101,691538
691550,691663
691581,694271
691740,692528
692661,693479
694229,694846
694317,694964
695032,695583
695058,695138
695555,695683
695836,696531
696601,697479
696606,696815
696883,697590
697551,698630
698740,698817
698785,699420
698869,699039
699388,700110
699672,699740
700487,700579
701054,701200
701246,701296
701572,702153
701907,701993
702247,702432
702363,702443
702560,704461
702577,702663
703300,703353
703551,703691
704452,705387
705394,707685
706283,706399
706588,707292
707612,708220
707741,708790
708428,708568
708745,708843
708937,709224
709317,709562
709655,709954
710371,710688
711428,712195
711440,711583
712548,713402
712603,713244
713512,714306
713726,714487
715034,715336
715052,716428
717331,717996
717368,717673
718028,718225
718478,719266
718660,718713
719653,720504
719861,719935
720372,720446
721266,721328
721401,722858
721824,723737
723356,723667
724500,724778
724853,725650
724896,725759
726025,726168
726034,726393
726942,727130
728239,728475
728282,728581
728624,729010
728775,728849
729557,731311
730072,730128
730278,730496
731765,732001
731889,731966
732284,733249
732370,733014
733083,734564
733697,733936
734178,735953
735996,737162
736167,737426
737269,737733
737513,738820
737989,738171
738897,739019
739292,739672
739723,740598
740057,740533
741362,742810
742276,742557
742982,743806
743418,743714
745414,746766
746530,747222
747849,748520
749163,749261
749985,750311
751276,751542
751598,753328
752273,753004
753084,754040
753490,755295
755603,755710
756578,756637
756689,756793
756694,756762
757118,757972
758656,759396
759479,759958
760146,760310
760455,760859
760729,761706
761213,761263
761552,763468
763326,764771
763798,764307
764952,766958
765680,766354
766567,766797
767439,767714
767578,767742
767823,769619
768003,769091
769233,769325
769514,770041
769771,771012
770136,770693
771956,772063
772192,772326
772996,773700
773823,775715
774641,774754
774822,774917
775432,776475
776586,777176
777209,777496
777692,778207
778540,778617
778818,778910
779152,780423
779616,780296
780377,780988
780518,782206
781343,781924
782100,782801
782472,783368
783480,783551
783901,784788
784129,784206
784421,784486
784922,785305
785438,786580
785754,786362
786886,787002
786994,787146
787045,787110
787320,788576
787616,787672
787832,788287
788467,789306
788642,789514
790662,791960
791115,791177
792582,792677
792769,792867
792918,793754
792940,793011
793117,793743
794039,794107
794897,795181
795184,796062
795437,795499
796111,796845
796985,797080
798141,798788
798141,798440
798549,798638
799800,799952
800110,800925
800224,801420
801784,801915
802068,802709
802356,802739
804382,804729
804720,805625
805701,805787
805772,806827
806577,806627
806875,807324
807109,807222
807932,807985
808293,808775
808906,808965
808967,809188
809662,809781
810122,810250
810437,810589
810985,811620
811833,811889
811924,813189
813175,813288
813501,814037
814128,814301
814379,814450
814493,815344
814720,817878
817583,818830
818037,818150
819184,819276
819366,819464
819389,820039
820145,821035
820191,820415
820723,820794
821848,821901
822446,822526
822609,822659
823221,824696
824420,824884
824743,825717
825727,825813
825858,827225
827666,828016
827822,828313
828168,830108
829515,830795
830259,830897
830862,832037
832550,832624
832849,833307
832908,832961
833368,833475
833744,834520
834842,835939
835280,836029
836304,836357
836695,838200
836745,837551
837656,838621
838751,839452
839520,840062
840314,841072
840322,840414
840743,840910
841157,842086
842052,843158
842313,842765
843433,843684
843778,844305
843949,846579
844553,844612
847113,847442
847465,848454
847551,847679
848126,848788
848525,849163
848921,848983
849313,849402
849452,849652
850216,851184
851225,852505
851982,852107
852255,852308
852719,854338
853075,855732
854443,854748
855166,855243
855887,855955
856122,859406
856906,857040
857101,857712
857769,859508
860628,860738
861105,862034
861966,862118
862659,863024
863548,863610
863798,864688
864176,864502
865160,865537
866515,867510
867079,868800
867683,868414
869137,869604
869490,869594
869668,870480
869692,869892
870041,870445
870782,870925
871802,871987
871948,872121
872794,873342
873872,874819
873972,875258
874881,875552
875632,876642
875721,881855
877736,878074
878427,878513
879312,879392
879845,879910
881978,882082
882803,882913
882962,884065
882983,883201
884170,885270
885277,885345
885440,886882
886325,886627
887415,887603
890069,890215
890439,891197
891076,891255
891277,891831
891524,891607
892192,892512
892662,893774
892673,892786
894451,895110
894657,895211
895170,895223
895278,895991
896015,897085
896771,896836
897273,898592
897273,898022
898483,898764
899298,899354
899837,899896
900072,900989
900303,901835
901031,901132
901263,901616
901766,901861
902304,902372
902773,903840
903200,903328
903471,903527
904078,904143
904236,905510
904531,905088
905689,906576
905961,906029
906783,907388
907373,907552
907622,908008
907720,907830
907979,908467
909091,909216
909159,910157
910000,910071
910516,910683
910619,910942
910998,912164
911119,912069
912369,914390
912879,913091
913333,913785
913938,914831
914735,915070
914998,916044
915151,915201
915898,915996
916047,916415
916417,916881
916823,917164
916941,917006
917062,918372
917321,917374
917647,918117
919020,920408
919639,919812
921062,921544
921467,923257
922509,923012
923161,924540
923381,923791
924166,924843
925264,926271
926222,926332
926511,926858
927282,927671
927729,927806
927952,928308
927991,928710
928641,928721
928791,929753
929541,929594
929824,929892
929839,929895
930144,930443
930220,930693
930802,931947
930891,931013
931451,932050
932317,933882
932694,933401
933616,934440
933959,936136
934756,935523
935935,936210
936253,936603
937066,937128
937611,937667
937739,939025
937863,938576
938728,939552
939106,939819
939759,939860
940218,941384
940316,940696
940810,941484
941708,942484
941906,942112
942196,943497
942819,943937
944013,944078
944324,945061
945484,945540
945520,945912
945699,946361
946990,947745
947101,947604
947967,948530
948176,948325
948413,949009
948754,950220
949090,949167
949239,949778
949892,951157
950363,950668
951956,952306
952535,952690
952750,953769
953411,953575
953842,955740
954323,954373
956031,957602
957163,957216
958078,958299
958487,958594
960748,961221
960793,961899
961469,962584
962895,963230
963114,963263
964220,964438
964945,965634
966227,966601
966245,966913
966749,967222
967389,968222
967847,968779
968490,969083
969066,969140
969493,969570
969939,972353
971034,972176
972426,972578
972719,973459
973005,974186
974079,974156
975280,975492
975641,976360
976245,976295
976484,976540
976608,977030
977173,977514
977976,978095
978321,978383
978474,978608
979056,979529
979762,980064
979845,979931
980177,981307
980615,980767
981286,981831
981963,982304
982386,982466
982648,982746
982801,984033
983773,983868
984377,984814
984860,985561
985789,986367
986722,987180
986828,986878
987274,987501
987319,987681
987735,988049
987873,988931
989099,990232
989402,990274
990445,990501
990552,990680
990968,991690
991380,991808
991810,992865
991965,993245
992978,993886
993356,993646
993859,995658
994844,994903
995207,995767
995741,995806
995875,996615
996174,996704
996792,996872
996964,997113
997166,998041
998110,999621
999022,999690
999761,1000384
999866,1000516
1000553,1001461
1001300,1001425
1001503,1002291
1002635,1002709
1002914,1003198
1003157,1003273
1005579,1005704
1006959,1007633
1007963,1008565
1009231,1009764
1010291,1011196
1010871,1011077
1011259,1011492
1011307,1011360
1011481,1011561
1012348,1012407
1012497,1013087
1013210,1013503
1013475,1014527
1013969,1014019
1014526,1015731
1014706,1014774
1015153,1015608
1016087,1016941
1016912,1017049
1017140,1017217
1017582,1017788
1017631,1018047
1017870,1019438
1018213,1018929
1019056,1019775
1019545,1019970
1019931,1020704
1020022,1021383
1021486,1021569
1021634,1021723
1022251,1022307
1022369,1023547
1023009,1023302
1023493,1024680
1023629,1024093
1024918,1025010
1026376,1026855
1026397,1026948
1026994,1027080
1027526,1027750
1028010,1028363
1028443,1029354
1028969,1029025
1029301,1029378
1029600,1030622
1029965,1030756
1031225,1031275
1031703,1034915
1032921,1033190
1034688,1034741
1035020,1035085
1035409,1035702
1036068,1036928
1036610,1037311
1037744,1037797
1038863,1039096
1039297,1039749
1040307,1040540
1040999,1041409
1041029,1041382
1041446,1042561
1041486,1041545
1042042,1042248
1042403,1043602
1042806,1043033
1043861,1043941
1043992,1045014
1044624,1046000
1045352,1045855
1046022,1046771
1046363,1046431
1046886,1047377
1047353,1047412
1047490,1048185
1047770,1047823
1048266,1049138
1048310,1049068
1049128,1051032
1049263,1049499
1049983,1051041
1051247,1051303
1051341,1051676
1051929,1052585
1052044,1052109
1052509,1053429
1052733,1053293
1053876,1054241
1054425,1054487
1054962,1055147
1055351,1055914
1056347,1056616
1056971,1057642
1057761,1058531
1057773,1059683
1059864,1060433
1059872,1061275
1060732,1060797
1061300,1061467
1061727,1061780
1062108,1063064
1062124,1062201
1062405,1063148
1063248,1063379
1063682,1064371
1064069,1064524
1064578,1066377
1064578,1064688
1066407,1067954
1066767,1066820
1067063,1067662
1068194,1068955
1069068,1069400
1070322,1070765
1070597,1071367
1070909,1071805
1072231,1072398
1072286,1074997
1072524,1072685
1073146,1073568
1073660,1073800
1073985,1074035
1074324,1075325
1075069,1076727
1076830,1077102
1076989,1077543
1077459,1078193
1078977,1080092
1079312,1079872
1080189,1080281
1080210,1080269
1080423,1080494
1081183,1082817
1082215,1082622
1083066,1083152
1083185,1084225
1083439,1084329
1084742,1085257
1084853,1085806
1085519,1085878
1085980,1086078
1086757,1087287
1087345,1088577
1088941,1090362
1089847,1090452
1091441,1091551
1091858,1091917
1091985,1092077
1093000,1093773
1093500,1093589
1093897,1093947
1094757,1095008
1095430,1095489
1095833,1096363
1095975,1096835
1096569,1097057
1097322,1097603
1097764,1098174
1098284,1098361
1098812,1098988
1099266,1102706
1099310,1099369
1099563,1100279
1100540,1101223
1101544,1101639
1102260,1103435
1102858,1103757
1103930,1104847
1104740,1104829
1105118,1105864
1105271,1105915
1106041,1107759
1106478,1108013
1108383,1109300
1108794,1109663
1109438,1109734
1110002,1110151
1110769,1113627
1111718,1112287
1112346,1114547
1115647,1116513
1116585,1117700
1117093,1118079
1117825,1118118
1119031,1121022
1119605,1121035
1121098,1121808
1121176,1122108
1122256,1123011
1123293,1124396
1123309,1123389
1123665,1124078
1124484,1125467
1124731,1125285
1125761,1126495
1126013,1126522
1126650,1127417
1126704,1128194
1128746,1129030
1128957,1129112
1129412,1129816
1129449,1130126
1129954,1131501
1130197,1131072
1131568,1133310
1132861,1132920
1134091,1134372
1134770,1135411
1135292,1135351
1135524,1135631
1136015,1136284
1136071,1136886
1136769,1136903
1137029,1137400
1137208,1138083
1138134,1138604
1139681,1144273
1140010,1140087
1140430,1140693
1141471,1141560
1144633,1145757
1145645,1145749
1146028,1146177
1146502,1146600
1147211,1147312
1147575,1147730
1148231,1148332
1149882,1151447
1151234,1151290
1151559,1151711
1151960,1154704
1153010,1153783
1153848,1154204
1155777,1156760
1156065,1156235
1156980,1157249
1157455,1157565
1157868,1158008
1157915,1158688
1158566,1158844
1158731,1160056
1159490,1159543
1159709,1159771
1159873,1159962
1160190,1162868
1160220,1160753
1161051,1161230
1161410,1161484
1162100,1162207
1162995,1163147
1163025,1163333
1164145,1164252
1164315,1164815
1164518,1165960
1165053,1166114
1166025,1167608
1167011,1167619
1167700,1168272
1168021,1168368
1168587,1168703
1168993,1169541
1169910,1169984
1170659,1171621
1170731,1170874
1172488,1172574
1172947,1173003
1173123,1173881
1173540,1173665
1173706,1174122
1174003,1174809
1174250,1175605
1175140,1176009
1175671,1176156
1176304,1176654
1176777,1177091
1176790,1177170
1177143,1177865
1177235,1178614
1178214,1178273
1178421,1179167
1178947,1179030
1179267,1179335
1179744,1180001
1179843,1179932
1180131,1180343
1180778,1181320
1180879,1181088
1181338,1181625
1181720,1182421
1182003,1182077
1183039,1183101
1183156,1183233
1183238,1185835
1184050,1184193
1184818,1185330
1185705,1187195
1186853,1187665
1187552,1187989
1187912,1188373
1188949,1189788
1189556,1189618
1189998,1190684
1190023,1190079
1190435,1190539
1191059,1191220
1191060,1191542
1192974,1194092
1193172,1193321
1194353,1194445
1194799,1194867
1194929,1196083
1195826,1196266
1196220,1197182
1197244,1198047
1197362,1197472
1197779,1197838
1197906,1197998
1198637,1199776
1199421,1199510
1200060,1200632
1200678,1200929
1201658,1201768
1202008,1202082
1202171,1203592
1202412,1202468
1202510,1202602
1202692,1202907
1203081,1203281
1203634,1204998
1203680,1204855
1205112,1207442
1205472,1205585
1205919,1206575
1207111,1208571
1207597,1207659
1207783,1207863
1208037,1208588
1208798,1209043
1209199,1209753
1209821,1210462
1209855,1211603
1210848,1210898
1211719,1211853
1211935,1212990
1212573,1212629
1212749,1214137
1213340,1213426
1213636,1215087
1214494,1215876
1215481,1215594
1215992,1216084
1216112,1216705
1216748,1216825
1217068,1217520
1217453,1218178
1218493,1219122
1219178,1219240
1219936,1220904
1220788,1220880
1220930,1220995
1221133,1221210
1221190,1222098
1222062,1222811
1222201,1227336
1223173,1223829
1224548,1225300
1226131,1226781
1227400,1227486
1227556,1228266
1227973,1228038
1228094,1229293
1228669,1228746
1228994,1229290
1229430,1231295
1229965,1230021
1231781,1232308
1233261,1235672
1233904,1234434
1234779,1235330
1236172,1236246
1236612,1237361
1237441,1238325
1237934,1239013
1238899,1239330
1239585,1239797
1240358,1240681
1240705,1241199
1241048,1242100
1241718,1241834
1242017,1242115
1242237,1244006
1242664,1244508
1244062,1245795
1245781,1245831
1245876,1246364
1246342,1246485
1246538,1247053
1247227,1247589
1248443,1249489
1248892,1249344
1250515,1252557
1250600,1250698
1251974,1252030
1252509,1252568
1252641,1255859
1252667,1253341
1253510,1253578
1254083,1254178
1254231,1254287
1254459,1254722
1255043,1255264
1255357,1257069
1256054,1256281
1256429,1257109
1257260,1259449
1257264,1259966
1259530,1259841
1259917,1261728
1260067,1260300
1260891,1261865
1261916,1261969
1262652,1263131
1262665,1262721
1263462,1263530
1263829,1264629
1264254,1264343
1264584,1264790
1264808,1264891
1264982,1265074
1265250,1265429
1265392,1266003
1266445,1266564
1266621,1266989
1267115,1268473
1268222,1269568
1269834,1270433
1269845,1269931
1270758,1270832
1270842,1270904
1270950,1271000
1270967,1271062
1271158,1271916
1272041,1272091
1272524,1273726
1274271,1274363
1274563,1275000
1274883,1275542
1275082,1276698
1275958,1276026
1276839,1278422
1277726,1278025
1278624,1279085
1278741,1278863
1279255,1279377
1279552,1279611
1279764,1279883
1280059,1280472
1280544,1281959
1281321,1281773
1282072,1282941
1282167,1282358
1282473,1283393
1283166,1283606
1284020,1285072
1284470,1284544
1286070,1286714
1286775,1287626
1287376,1287591
1287667,1288008
1287710,1288243
1288702,1288776
1289188,1290126
1289745,1289798
1289950,1290261
1290241,1291524
1291102,1291719
1292629,1294380
1293088,1293654
1294360,1294902
1294675,1296018
1295741,1295830
1296007,1296084
1296163,1296708
1296171,1296557
1296691,1297551
1297823,1299901
1298116,1298571
1298648,1298719
1299338,1300423
1299964,1301268
1300657,1301664
1301331,1301402
1301551,1302453
1301806,1301910
1301956,1303245
1302570,1303013
1303162,1304436
1303567,1304304
1304441,1304521
1304905,1304970
1305339,1305758
1305850,1306092
1306402,1308117
1306890,1306967
1307763,1308170
1308244,1309383
1308351,1310318
1309532,1310596
1310770,1311801
1311086,1312774
1312755,1312811
1312857,1313324
1313026,1313778
1313654,1315435
1314384,1314935
1315163,1315882
1315767,1317563
1317082,1317909
1318172,1318465
1318527,1319024
1319215,1320213
1319677,1320375
1320608,1322284
1320900,1321430
1321552,1321689
1322187,1323299
1322410,1323327
1323450,1323683
1323794,1325017
1324807,1325289
1325381,1326628
1325916,1326236
1326440,1326808
1326876,1328213
1327395,1327466
1327706,1331032
1328609,1329652
1329698,1329793
1331018,1331347
1331250,1332134
1331439,1331666
1331813,1333807
1332731,1332841
1333364,1334323
1334028,1334267
1334606,1336363
1335660,1335737
1335811,1335951
1336481,1336858
1337513,1338634
1339086,1339163
1339236,1339376
1339348,1339488
1339474,1339533
1339623,1339916
1339743,1339841
1339890,1340036
1340082,1342709
1340320,1340877
1341107,1341865
1342473,1342667
1343044,1343094
1343252,1343554
1343351,1343824
1344036,1345100
1344045,1344173
1344251,1344715
1344848,1344928
1344975,1345109
1345670,1345720
1346851,1346904
1347139,1347207
1347380,1349302
1347827,1351285
1350122,1351429
1351964,1353082
1352168,1352362
1352836,1353081
1353374,1353673
1353561,1354052
1354524,1355354
1354953,1356035
1355431,1355487
1355677,1358328
1356327,1356671
1356769,1357683
1357753,1358697
1358390,1359679
1358834,1359103
1359352,1361523
1359891,1360601
1360913,1361287
1361739,1362752
1362838,1363725
1363826,1363975
1364031,1364570
1364316,1364372
1364583,1365101
1364770,1364841
1365717,1365806
1366220,1366432
1366550,1367425
1367474,1367782
1367559,1368650
1367915,1368118
1368789,1369607
1368863,1368928
1368974,1369033
1369659,1369730
1369682,1371175
1371332,1372624
1372691,1373539
1373015,1374103
1373650,1374375
1374445,1375380
1375437,1375496
1375503,1375562
1376125,1377132
1377569,1377727
1377597,1377800
1378473,1379390
1378840,1379901
1379441,1379491
1379583,1379753
1380004,1380561
1380287,1382551
1380720,1381187
1381285,1382565
1382647,1382991
1383007,1383393
1383097,1385448
1383489,1384343
1384692,1385714
1385912,1385968
1386072,1386815
1386165,1388381
1387014,1387214
1388089,1389210
1388454,1388849
1389351,1390031
1389459,1389659
1389719,1389769
1390222,1390671
1390446,1390538
1390620,1391897
1390791,1390880
1391436,1391531
1392011,1393675
1392014,1392385
1392514,1393380
1393517,1394584
1393837,1393917
1395181,1396026
1396346,1396399
1396644,1397921
1396765,1397046
1398077,1399327
1398448,1399455
1399702,1400796
1400745,1400825
1401343,1402359
1401821,1402126
1402550,1403230
1402781,1404550
1403453,1403503
1406366,1406713
1406881,1408386
1407406,1407489
1408585,1408674
1409397,1412036
1409508,1409996
1410148,1412421
1412112,1412171
1412661,1412813
1413646,1414719
1414938,1415075
1415152,1416693
1415152,1415805
1416579,1416683
1416962,1417738
1417158,1417781
1417831,1418532
1417843,1418685
1418803,1420095
1420537,1421058
1420931,1421362
1421622,1422155
1422881,1422940
1422996,1423286
1423255,1423833
1423391,1423870
1423902,1425146
1424065,1424166
1424437,1424793
1424848,1425579
1425419,1426465
1426356,1426916
1426766,1428328
1427828,1427881
1428442,1428939
1428494,1428565
1429241,1430272
1429582,1429665
1429765,1430127
1430333,1432819
1430845,1432671
1433148,1434644
1433267,1434295
1434756,1435541
1434934,1435209
1435635,1437866
1435679,1436725
1436767,1437342
1437451,1439217
1438189,1438689
1439359,1440492
1440565,1441509
1440948,1440998
1441313,1441540
1441581,1442114
1441692,1441742
1442132,1442200
1442234,1442308
1442475,1442648
1443443,1444261
1443986,1444042
1444229,1444285
1445505,1445570
1445543,1446358
1445699,1446433
1447119,1447220
1447725,1448630
1448495,1448566
1449445,1450212
1450383,1450433
1450493,1451383
1452146,1452799
1452840,1453442
1453294,1454310
1454172,1454300
1454490,1454930
1458188,1458250
1458654,1458776
1458818,1459939
1458980,1459126
1460967,1461020
1461126,1462433
1461866,1463467
1462937,1463341
1464426,1465199
1464683,1464742
1465948,1466052
1466595,1467479
1467980,1468114
1468938,1469051
1470083,1470163
1470832,1471026
1470941,1471549
1471511,1471696
1471679,1473844
1471878,1471946
1473313,1473408
1474042,1475085
1474802,1475908
1476224,1476301
1476323,1477204
1477667,1477762
1478088,1478180
1478406,1478891
1478980,1480320
1479102,1479173
1480373,1481023
1481857,1481919
1482767,1482841
1482803,1483186
1483435,1483995
1483549,1484544
1484287,1485480
1486000,1486245
1486142,1487068
1486928,1487011
1487164,1487754
1487331,1487471
1488455,1489213
1491351,1491464
1493067,1493828
1494019,1494882
1494864,1494920
1494946,1496214
1495221,1495850
1496259,1496333
1497373,1497477
1497547,1498146
1498742,1498948
1499178,1499231
1499213,1499293
1499838,1500656
1499875,1499955
1500992,1502161
1504510,1504629
1504755,1504850
1505275,1505805
1505395,1505445
1505845,1505964
1506412,1506513
1508710,1508766
1509252,1509455
1510149,1510214
1511382,1511513
1511390,1511446
1513622,1513870
1513917,1514171
1514523,1514582
1517261,1517356
1517750,1517875
1518119,1518220
1518370,1518450
1519056,1519130
1521445,1521519
1522940,1523038
1523964,1524104
1524154,1525962
1524175,1524249
1530727,1531353
1531235,1532074
1531930,1532010
1532486,1532659
1532954,1533034
1533154,1533237
1533636,1533791
1535307,1535408
1535675,1536670
1536498,1536644
1537710,1537766
1537815,1538501
1538303,1538584
1538670,1538951
1539162,1539815
1539266,1539937
1540016,1540225
1540744,1540836
1540849,1540911
1542286,1542351
1543402,1543464
1543674,1543757
1544056,1544115
1544949,1545044
1545768,1545866
1547734,1547865
1548034,1548456
1548701,1549906
1550152,1550289
1551057,1551110
1551333,1551545
1555801,1555863
1556032,1556109
1556563,1556631
1558842,1558901
1560691,1560870
1562108,1562347
1562203,1562262
1564576,1564638
1566847,1567119
1567158,1567250
1568242,1568295
1571151,1571231
1572798,1572851
1572838,1572951
1573101,1574084
1574143,1574421
1574914,1575093
1575080,1575547
1577420,1577551
1578560,1578736
1579106,1579213
1579546,1579659
1581285,1581764
1581925,1582965
1583550,1583624
1586987,1587079
1588132,1588224
1590376,1590456
1591424,1591522
1595535,1595612
1595686,1595742
1595819,1595887
1596277,1596366
1603903,1604010
1605230,1605604
1606777,1608081
1608619,1609350
1611141,1611224
1612025,1612174
1612620,1612757
1613668,1614282
1613809,1613871
1614920,1614985
1616145,1616453
1617357,1617431
1617499,1617657
1618515,1618577
1620154,1621188
1620898,1620987
1622583,1623047
1623612,1623686
1625065,1626933
1626876,1626956
1627793,1627891
1627812,1628615
1631786,1631863
1632911,1632994
1633845,1633997
1634099,1634170
1635831,1635899
1636924,1637520
1639037,1639351
1639120,1639722
1639964,1640041
1641267,1641383
1645346,1645456
1646669,1647781
1650226,1650291
1651005,1651055
1651552,1651707
1652165,1652230
1652790,1652885
1653310,1653414
1654027,1654128
1655491,1655742
1655644,1655721
1656107,1656160
1656173,1656484
1656501,1656566
1657304,1657699
1657466,1657534
1657780,1658919
1658125,1658268
1659055,1659885
1659580,1659705
1660160,1661116
1662245,1662709
1663170,1663235
1663324,1664808
1664574,1664624
1664698,1665405
1665925,1666473
1667368,1667505
1667836,1668684
1668751,1668945
1670966,1671046
1671131,1671298
1671799,1671927
1673867,1674064
1674860,1675267
1675256,1675339
1675421,1676014
1675562,1675633
1676985,1677035
1677409,1680009
1679127,1679285
1680132,1680560
1680644,1681564
1680998,1681342
1681721,1681837
1682029,1682628
1683019,1683207
1683489,1683587
1685068,1685394
1685503,1685643
1686120,1686221
1687346,1687456
1689955,1690035
1690327,1690377
1690750,1690839
1691993,1692046
1694771,1695028
1695102,1695224
1695520,1695606
1696280,1696888
1698659,1698718
1702074,1702166
1702430,1702504
1704328,1704687
1708312,1708518
1710198,1710251
1710714,1711163
1711439,1711645
1711672,1712637
1711690,1711764
1712706,1713209
1713693,1713833
1714462,1714578
1714959,1715126
1715070,1715156
1715729,1715833
1716267,1716338
1716858,1717160
1717795,1717884
1720622,1720720
1720877,1720966
1721226,1721345
1724196,1724462
1724611,1724712
1724780,1725565
1726125,1726250
1728162,1728302
1728449,1728559
1728850,1729401
1731775,1731903
1731955,1732893
1734440,1734526
1735914,1736030
1736733,1736798
1738416,1738466
1738726,1738818
1739721,1739804
1740193,1740279
1741011,1741073
1741777,1741857
1741790,1741945
1743738,1743797
1744642,1744704
1745553,1745690
1747159,1747251
1747480,1747542
1748255,1748314
1749239,1749337
1749682,1749780
1749878,1751176
1751304,1752371
1752636,1752689
1753758,1753835
1754446,1754526
1754912,1754962
1755142,1755282
1755342,1755470
1756355,1756414
1756618,1756776
1757474,1757566
1757771,1758673
1761018,1761119
1761950,1762042
1762200,1763165
1762972,1763061
1763941,1764843
1766138,1766209
1766539,1766619
1767104,1767214
1767846,1768490
1769479,1769700
1770237,1770305
1770851,1770913
1770978,1771385
1771772,1771894
1771881,1772453
1772178,1773410
1772520,1772867
1773514,1774773
1775143,1775274
1775466,1775582
1775597,1775725
1776576,1776884
1777014,1777082
1777845,1777898
1779831,1779965
1780533,1781252
1781696,1781773
1781842,1782840
1783071,1783127
1783762,1783893
1786276,1786404
1787288,1788145
1788260,1788334
1788541,1789665
1789103,1789288
1789976,1790116
1792288,1794642
1794809,1795123
1795349,1795399
1795681,1796925
1796238,1796309
1797117,1798301
1797698,1797880
1797972,1798727
1798585,1798806
1798879,1798935
1799977,1802430
1801880,1801930
1803921,1803986
1804634,1805599
1805041,1805928
1806661,1806996
1807655,1807807
1807934,1810057
1809835,1809900
1810225,1810380
1810833,1811063
1811651,1811707
1811769,1812971
1813693,1813758
1813814,1814011
1814050,1814121
1817764,1817922
1818302,1818388
1820129,1820308
1821285,1821341
1822641,1822802
1822788,1822895
1827021,1827182
1828117,1828239
1828968,1829042
1830209,1830277
1831712,1831852
1833074,1834480
1833952,1834824
1835044,1835109
1835966,1836031
1836750,1836848
1839626,1839820
1840185,1840250
1842810,1842884
1845031,1845141
1847413,1847655
1848883,1848999
1849341,1849415
1849685,1849759
1850635,1850811
1851474,1851611
1851660,1852274
1852350,1852457
1853391,1853552
1853401,1853463
1854898,1854948
1854976,1855521
1855568,1855933
1856302,1856373
1857821,1857898
1857856,1858611
1858784,1859092
1859306,1859431
1859991,1860068
1861934,1861999
1862347,1862496
1862423,1862893
1862755,1862835
1863054,1863104
1863726,1864217
1866120,1866194
1866386,1866937
1867126,1867323
1867770,1868669
1868912,1869169
1870130,1871758
1871864,1871917
1873313,1873363
1873884,1873973
1874033,1874239
1874041,1874529
1874538,1874708
1874828,1874890
1874877,1874927
1875633,1875935
1876003,1876806
1877454,1877504
1879983,1880120
1881582,1881632
1882324,1882398
1882983,1883099
1884318,1884545
1884921,1885949
1885312,1885488
1887109,1887204
1887253,1887462
1888148,1888270
1889245,1890210
1890951,1891139
1892278,1892418
1892492,1892548
1892599,1892712
1895081,1895179
1895802,1895873
1897953,1898153
1899967,1900032
1899977,1900084
1901043,1901924
1901124,1901240
1901590,1901667
1902001,1902051
1902283,1902414
1902740,1902859
1903913,1904113
1904133,1904288
1904221,1905864
1904473,1904550
1905958,1906551
1909248,1909424
1910659,1910850
1911494,1911682
1911954,1912196
1912304,1912375
1912981,1913772
1914707,1915321
1915484,1917658
1916161,1916448
1916569,1916619
1916939,1917028
1917069,1917188
1918339,1919370
1918363,1918593
1918681,1919505
1919574,1919768
1919655,1919708
1920523,1920624
1922439,1923809
1923925,1924113
1931194,1932669
1931672,1931743
1935650,1936399
1937778,1937924
1939029,1939493
1939537,1939593
1939999,1942638
1940700,1940936
1945666,1946133
1945848,1945979
1946412,1946465
1946562,1946657
1947111,1947191
1949491,1949559
1949933,1950163
1952544,1952849
1953406,1953546
1953513,1953713
1953836,1954237
1954738,1954800
1955643,1955732
1958028,1958786
1958218,1958376
1958536,1958589
1959642,1959713
1960883,1961572
1962007,1962786
1962860,1962916
1963424,1963507
1963627,1963677
1963738,1963806
1963852,1964457
1964894,1966972
1965673,1967478
1967261,1967404
1967622,1968464
1968832,1969458
1969554,1970300
1970859,1971020
1971337,1971546
1971371,1971553
1972805,1972867
1974482,1974538
1975105,1975710
1976895,1976960
1977282,1977407
1978887,1979003
1979274,1981235
1981774,1982640
1982312,1982563
1984056,1985192
1985734,1986345
1988159,1989802
1988211,1988366
1989036,1989212
1990017,1990082
1990438,1990512
1990976,1991032
1991245,1993326
1993824,1993883
1999396,1999557
2000246,2000347
2000940,2001035
2001083,2001208
2001270,2001380
2001464,2001547
2005374,2005469
2007725,2007787
2008337,2008870
2009089,2009139
2009637,2009732
2016460,2016612
2018689,2018808
2019541,2019663
2020174,2020224
2020406,2020549
2022969,2023034
2023601,2024077
2025036,2025134
2025097,2025198
2029347,2029475
2030812,2030904
2033659,2034012
2034693,2035517
2035473,2036030
2035690,2036505
2039203,2039313
2039358,2039510
2040274,2040933
2042714,2042953
2043272,2043346
2044043,2044123
2044331,2044402
2046161,2046334
2046910,2047032
2047501,2048526
2048344,2048634
2050476,2050571
2050639,2052114
2050879,2050929
2052233,2052664
2053391,2053471
2053758,2053811
2054938,2055102
2055027,2056877
2055466,2055555
2055630,2056187
2056274,2057926
2057356,2057661
2058516,2059511
2059669,2061207
2060568,2060633
2061350,2062261
2061566,2061619
2062280,2062537
2062947,2063651
2064513,2064602
2064817,2065506
2065698,2066417
2065869,2065937
2067409,2067462
2068368,2068511
2069767,2069868
2070346,2070426
2072119,2072589
2072679,2072735
2073097,2073942
2076087,2076305
2077474,2077569
2077539,2077952
2078605,2078685
2079132,2079398
2081892,2081966
2082244,2082798
2082909,2084873
2084134,2084193
2085702,2085812
2086171,2086236
2086328,2086423
2086621,2086749
2089121,2089174
2089327,2089386
2089485,2089580
2091723,2091788
2091747,2091866
2092671,2092850
2093093,2094808
2095336,2095725
2095901,2095978
2096265,2096387
2096684,2096770
2099052,2099135
2099256,2099342
2099395,2099451
2099783,2099836
2100805,2101218
2102568,2102669
2102608,2104062
2102927,2103436
2103540,2103629
2104255,2104359
2104827,2104904
2105059,2105115
2105372,2106001
2106216,2106281
2106947,2107030
2110453,2110914
2110491,2110619
2113758,2113847
2116069,2116248
2117016,2117777
2117259,2117327
2118133,2119593
2119647,2119754
2120361,2120891
2120998,2121918
2121607,2121669
2122002,2122643
2122758,2123459
2123377,2123502
2124243,2124377
2125264,2125740
2126663,2126851
2127062,2128876
2127967,2128056
2128680,2128778
2130551,2130652
2131158,2132330
2132412,2134652
2133737,2136553
2135134,2135190
2136840,2137274
2137596,2137673
2137933,2138745
2140384,2140476
2141071,2141814
2141860,2141937
2142327,2143193
2143470,2143550
2144106,2144228
2144712,2145701
2144874,2145065
2145127,2145513
2146514,2146564
2146617,2146676
2147496,2147549
2149998,2150120
2150185,2150256
2150243,2150554
2150503,2150613
2151744,2153696
2154821,2154934
2155326,2155442
2156719,2156862
2158526,2158624
2158746,2158844
2160945,2161112
2162503,2162574
2165274,2165375
2169531,2170526
2170822,2170893
2171796,2171900
2172710,2173591
2172844,2173503
2175410,2175487
2177373,2177504
2177655,2177735
2178231,2178284
2178526,2178585
2179423,2180064
2181329,2182216
2183934,2184101
2184277,2184405
2184517,2184591
2186054,2186338
2186394,2186831
2187549,2187722
2187663,2188424
2188238,2188450
2188967,2189563
2189373,2189537
2189881,2190402
2191866,2191979
2192379,2192609
2192423,2192482
2192693,2193448
2193071,2193127
2193202,2193849
2193645,2194412
2194343,2194444
2195167,2195283
2195383,2195454
2195554,2196339
2196313,2196399
2196627,2196743
2196946,2197098
2197267,2197728
2197542,2197685
2198602,2198715
2198710,2198763
2199614,2199700
2199761,2199826
2199981,2200190
2205779,2205886
2208410,2208472
2209893,2209976
2209896,2210021
2210071,2210310
2210497,2210607
2210733,2210813
2213449,2213571
2214219,2214272
2215013,2215066
2215168,2215266
2215782,2215967
2216042,2216194
2217222,2217953
2219048,2219167
2219399,2219467
2223043,2223204
2226361,2226453
2227412,2229154
2228048,2228185
2230546,2230611
2232740,2232796
2232973,2233029
2233150,2233791
2233780,2234700
2233867,2233953
2234357,2234533
2239701,2239757
2241187,2241327
2241572,2242441
2242543,2242611
2242736,2242834
2243345,2243653
2243902,2243964
2244223,2245119
2246332,2246895
2247040,2247111
2248110,2249033
2249164,2249556
2250431,2250820
2250496,2250591
2251809,2251862
2253455,2253535
2254557,2254847
2254704,2254988
2255908,2255979
2257626,2259446
2258697,2259260
2260276,2260467
2261329,2261412
2264972,2265112
2267150,2267215
2268287,2268382
2269737,2269916
2270348,2270458
2270593,2270700
2271136,2271219
2272010,2272090
2273095,2273262
2274732,2274830
2275349,2275441
2275919,2276080
2278270,2278407
2278560,2278634
2280593,2282272
2282358,2283059
2283167,2283226
2284227,2284352
2284402,2284467
2285442,2285561
2286839,2287183
2287009,2287206
2287286,2287780
2287518,2288513
2289679,2289921
2289983,2290069
2292109,2292735
2292896,2294665
2295205,2295279
2295835,2295885
2296908,2296976
2297089,2297217
2297338,2297679
2298097,2298210
2298125,2298283
2298736,2298786
2298802,2298882
2299298,2300638
2300785,2301129
2301181,2301567
2302726,2302845
2303103,2303201
2304423,2304971
2304680,2304835
2305180,2305602
2306177,2306716
2306279,2306413
2306769,2306819
2307455,2307523
2308106,2309212
2308454,2308549
2308847,2308921
2312084,2312137
2315400,2315522
2316526,2316645
2319613,2319687
2320827,2320958
2320906,2321775
2323049,2323123
2324149,2325597
2324548,2325408
2325642,2327402
2327461,2328330
2327499,2327627
2327952,2328704
2328719,2328796
2329327,2329389
2329731,2330921
2331026,2331079
2331163,2331231
2333605,2334900
2334002,2334055
2334187,2334252
2335680,2335799
2336049,2336345
2337309,2338490
2337786,2338406
2339121,2339192
2339161,2339418
2339611,2341071
2340409,2340993
2341216,2341620
2341854,2342321
2341862,2343013
2342750,2342821
2342927,2343010
2343381,2343692
2343858,2345150
2344185,2345561
2346909,2347949
2346941,2347285
2349517,2349573
2350175,2350240
2350488,2350541
2351287,2351427
2351863,2351931
2352482,2353117
2355298,2355357
2357041,2357145
2357229,2357363
2357718,2357777
2357853,2357945
2358567,2359514
2358909,2359013
2359772,2361022
2360435,2360713
2361077,2361457
2361275,2361376
2361548,2362003
2361897,2362274
2362180,2363010
2363490,2364410
2365881,2366897
2367113,2367181
2367483,2367539
2368053,2368121
2368225,2368359
2368782,2368865
2370960,2371028
2371736,2371822
2371967,2372071
2372288,2372344
2372503,2372577
2379736,2379822
2379953,2380027
2381483,2381695
2381970,2382710
2382863,2382991
2383729,2383860
2384809,2384931
2385114,2385167
2387040,2387210
2387335,2387397
2387553,2388869
2391598,2391966
2393183,2394613
2394172,2394261
2394486,2394761
2395455,2395520
2395794,2395850
2397294,2397491
2397856,2398215
2398023,2398091
2398685,2399161
2399542,2400243
2400477,2400815
2400610,2400666
2401008,2402366
2404274,2404354
2404541,2404597
2404849,2405073
2405052,2405282
2405380,2405529
2407128,2408453
2408032,2408190
2409061,2409156
2409281,2409346
2409696,2410121
2410418,2411926
2410468,2410560
2411152,2411238
2412283,2412354
2412416,2412466
2414124,2414252
2414665,2415966
2415436,2415525
2418871,2419770
2419375,2419494
2421008,2421901
2421874,2421984
2424357,2424428
2424509,2424601
2425387,2425545
2425932,2426051
2428509,2428559
2428683,2428946
2430055,2430105
2431261,2432238
2431570,2431638
2431688,2433211
2433296,2434618
2435880,2435936
2437078,2437152
2437670,2437816
2440494,2440631
2441869,2442105
2442672,2442734
2443741,2443902
2446747,2447913
2448052,2449155
2449353,2449835
2450092,2450271
2450437,2451798
2453576,2454349
2453971,2454075
2454692,2457103
2454780,2455727
2456013,2456084
2456477,2456560
2456877,2459036
2457320,2457379
2457512,2457859
2457909,2459336
2459154,2459909
2459819,2460106
2460003,2460164
2460150,2460683
2460717,2460788
2461219,2461692
2462062,2462124
2462610,2463029
2465419,2465493
2465630,2466625
2466175,2466303
2466713,2467342
2469093,2471915
2472089,2472325
2472438,2472938
2474003,2474407
2474166,2474240
2477475,2478224
2478350,2478595
2478692,2478898
2479534,2479584
2480325,2480528
2481806,2481925
2482008,2482073
2482573,2482743
2483082,2483216
2483524,2483577
2486237,2486314
2487261,2488337
2487709,2487777
2487878,2488021
2489274,2489411
2489638,2489772
2491363,2491455
2492138,2492998
2493176,2493244
2494735,2494887
2494776,2494826
2495115,2495189
2495145,2495204
2496032,2496151
2496292,2496495
2496406,2497092
2497411,2497464
2499737,2500498
2501229,2501660
2501306,2501470
2501602,2501709
2501980,2502051
2502149,2502907
2503254,2503316
2503919,2504473
2503931,2504236
2504553,2504852
2505422,2505835
2505973,2506053
2506443,2506835
2508712,2509584
2509784,2511376
2510080,2510235
2511923,2511997
2512249,2512386
2513035,2513100
2513245,2513313
2513359,2513427
2514144,2514218
2515041,2515307
2518971,2519879
2520366,2520425
2523633,2523713
2526086,2526160
2526474,2526566
2529161,2529277
2530352,2530471
2530982,2531680
2532355,2532438
2533006,2533122
2534306,2534476
2536330,2536494
2536967,2537017
2538257,2538319
2538445,2538849
2538703,2538789
2538904,2539041
2539887,2539937
2540606,2540716
2542014,2542610
2542170,2542910
2544621,2545433
2546167,2546328
2546476,2547189
2547732,2547812
2547852,2547968
2548323,2548388
2548654,2548719
2554099,2554716
2554812,2554991
2555851,2556078
2556151,2556213
2560052,2560168
2562215,2562361
2562519,2562578
2562750,2564276
2562890,2562955
2564916,2565005
2565748,2566125
2566239,2566379
2566517,2566597
2566657,2566998
2567254,2568015
2568691,2569455
2569653,2569724
2569933,2570697
2570744,2571400
2571510,2573399
2573465,2573797
2574201,2574461
2575031,2575210
2575186,2575251
2575304,2575465
2576490,2576552
2576607,2576672
2576976,2577431
2578370,2578444
2578678,2578746
2579148,2579198
2582367,2582426
2583497,2584015
2583752,2583820
2584853,2586754
2585781,2585900
2586004,2586060
2586997,2587050
2587203,2587262
2587361,2587456
2591796,2591852
2592340,2592546
2592967,2593020
2593640,2593750
2594099,2594155
2594908,2595543
2595674,2596090
2595824,2595886
2596239,2596871
2596266,2597324
2597007,2597090
2598870,2599679
2599306,2599383
2599893,2601308
2605273,2605356
2607188,2607250
2608970,2609035
2609330,2609422
2612684,2612734
2613083,2613466
2613230,2613328
2614017,2614154
2614791,2614952
2615416,2615505
2617075,2617416
2617580,2618800
2617604,2617672
2619112,2620425
2620530,2622395
2623549,2623626
2624112,2624969
2626892,2626960
2627233,2627352
2627554,2627739
2627712,2627786
2628882,2629070
2631063,2631158
2631861,2632019
2634608,2634730
2635167,2637920
2635176,2635256
2635374,2636195
2636313,2636399
2637104,2637226
2637568,2637885
2637975,2638754
2639621,2639710
2640126,2640227
2640984,2641169
2641887,2641976
2642812,2643912
2643753,2643938
2644506,2644580
2645877,2646719
2646978,2647640
2648278,2648466
2648316,2649128
2649075,2649194
2649248,2650684
2650367,2650537
2651189,2651317
2651509,2651589
2653793,2653897
2654065,2654118
2657307,2657372
2658962,2659039
2659836,2660243
2659852,2660145
2660498,2660623
2662328,2662399
2662766,2662882
2664515,2664676
2664784,2664975
2664820,2665203
2665248,2665727
2666496,2666555
2666633,2666791
2667767,2667817
2669066,2669155
2670643,2671134
2671107,2671166
2675503,2675640
2677677,2677793
2677681,2677743
2678204,2678260
2679292,2679357
2679444,2679605
2679599,2681125
2683187,2684056
2684369,2684575
2684978,2685091
2685269,2685352
2685414,2685494
2685833,2685898
2687168,2687398
2687196,2687525
2688722,2688781
2689442,2690332
2692894,2693001
2693187,2693243
2694220,2694318
2695347,2695442
2697409,2697471
2698775,2698912
2700702,2700764
2702770,2702919
2703376,2703501
2704796,2704933
2705203,2705298
2705501,2705647
2706723,2706785
2707628,2707777
2708074,2708166
2708657,2708722
2709119,2709211
2709246,2709386
2709380,2709520
2710869,2712755
2711987,2712076
2712164,2712214
2712367,2712417
2712570,2712647
2712931,2713365
2714109,2714942
2714946,2715002
2716986,2717096
2717260,2717496
2718424,2718783
2718711,2718815
2721900,2721968
2722432,2722506
2723256,2723405
2724331,2724447
2727049,2727114
2727762,2727821
2728057,2728110
2729102,2730043
2729390,2729488
2730120,2730794
2730861,2731193
2732889,2733038
2733625,2733726
2733822,2733932
2734750,2735076
2735783,2735863
2736932,2736988
2737477,2737557
2737856,2738062
2738464,2738565
2738952,2739905
2739212,2739262
2740176,2740889
2741173,2741256
2742680,2742748
2743211,2743264
2745907,2746377
2746327,2746401
2746423,2746878
2747073,2747414
2747854,2747928
2748282,2748683
2749423,2749530
2750338,2750466
2750858,2750998
2753892,2753942
2756210,2756479
2757606,2757911
2758046,2759353
2760472,2760534
2762497,2762610
2763854,2763949
2764736,2764795
2766720,2766875
2768303,2768404
2769973,2771220
2770205,2770282
2771321,2771626
2771599,2772612
2772043,2772171
2773234,2773608
2773290,2773490
2774684,2775523
2775644,2776486
2775968,2776039
2778297,2778437
2779409,2779495
2782739,2782894
2783318,2783380
2783658,2783789
2783713,2783985
2785289,2785414
2785331,2785468
2785634,2785966
2786200,2786277
2786702,2787061
2787628,2787711
2788173,2788454
2788586,2788648
2788628,2788681
2789012,2789086
2790684,2790995
2790812,2790949
2791201,2791881
2793593,2793646
2793878,2793937
2794737,2794823
2795420,2796997
2796180,2796248
2796746,2796817
2798626,2799087
2799794,2799877
2802022,2802090
2802165,2802458
2802543,2802998
2803447,2803644
2803999,2804073
2804111,2804242
2805440,2807398
2807459,2810107
2808239,2809747
2810762,2813110
2811645,2811791
2812289,2812921
2814512,2814595
2815213,2815263
2817485,2817562
2818124,2818240
2820805,2821587
2822871,2822948
2823079,2823417
2823764,2823817
2824079,2824651
2824094,2824789
2825367,2825441
2825684,2825737
2826515,2828236
2827714,2827794
2828303,2829442
2829464,2829607
2830284,2830523
2830530,2831216
2831047,2831103
2832395,2832517
2832994,2833062
2834884,2834940
2835143,2835289
2836184,2836249
2837635,2837688
2839196,2839264
2840169,2840264
2840863,2841126
2842413,2843867
2842888,2842980
2843914,2844216
2845173,2845601
2845751,2845807
2846061,2846126
2846384,2846497
2846646,2846738
2847185,2847280
2847793,2847846
2849018,2849113
2849387,2849443
2850620,2852950
2851871,2851957
2854883,2854957
2856799,2857782
2857838,2858206
2858380,2858511
2860659,2860727
2861424,2862614
2862871,2863035
2862999,2863637
2863784,2863909
2865436,2865504
2865551,2865601
2871162,2871224
2871457,2871570
2872228,2872311
2872457,2872555
2874618,2874752
2875188,2875253
2875905,2876273
2877684,2877764
2882823,2882888
2884586,2884789
2885051,2885125
2886646,2886696
2886971,2887048
2889230,2889343
2889813,2889866
2892381,2892443
2893553,2893699
2894547,2894636
2895858,2895941
2896241,2897059
2896418,2896468
2898532,2899266
2900083,2900142
2901188,2901322
2902053,2902136
2903606,2903665
2903794,2903991
2906084,2906149
2907153,2909708
2907417,2907710
2910077,2911132
2910165,2910380
2912503,2912580
2912992,2913123
2916288,2916890
2916488,2916577
2918279,2918386
2918925,2919131
2919468,2919674
2919952,2920164
2920681,2921397
2922470,2922541
2922907,2923041
2923103,2924221
2925060,2925158
2926407,2926625
2928167,2928325
2930393,2930461
2932968,2933105
2933303,2934715
2933668,2933733
2934299,2934628
2940053,2941033
